,precision,recall,f1-score,support
0,0.8622920517560074,0.9005791505791506,0.8810198300283286,1036.0
1,0.6850152905198776,0.6005361930294906,0.64,373.0
accuracy,0.8211497515968772,0.8211497515968772,0.8211497515968772,0.8211497515968772
macro avg,0.7736536711379425,0.7505576718043205,0.7605099150141643,1409.0
weighted avg,0.8153621497396296,0.8211497515968772,0.8172154321570961,1409.0
